INSERT INTO "Configuration" ("Guid","GpsInterval","AreaUnits","LengthUnits","GpsAccuracy","KalmanFilterEnabled","MovingAverageFilterEnabled","OutliersFilterEnabled","TrackingMode") VALUES ('882fac73-6cfb-4987-ac3f-9dcfc658a3fc',3,'MetrosCuadrados','Metros',0,1,1,1,'GPS');
INSERT INTO "Position" ("Guid","Latitude","Longitude","Altitude","Accuracy","Course","Timestamp") VALUES ('4c38755b-9d10-41c8-9e03-f3732cf4bda7',41.6609298762282,0.555195808410645,NULL,NULL,NULL,'2025-11-14T15:34:09.9160570Z'),
 ('8e63ec2d-cae2-49d3-9e83-4f0b29c0d7a5',41.6585412356877,0.556236505508423,NULL,NULL,NULL,'2025-11-17T11:39:49.9554995Z'),
 ('a73034bc-52f7-41af-91a8-7202c8892569',41.6683517307555,0.552921295166016,NULL,NULL,NULL,'2025-11-17T11:40:19.1225047Z'),
 ('4f91b9f6-8f17-4fda-a651-3ca2419f6e3a',41.6613583916857,0.553580093136912,NULL,20.0,200.78,'638994911743196949'),
 ('41b4b074-3831-4808-8622-72f6c3ba1641',41.6621525312965,0.553322691552105,NULL,5.0,85.66,'638994911773307537'),
 ('ce72c08d-93a2-49cd-96a6-22cdd3b73a0c',41.6624292746172,0.553955470448147,NULL,4.0,120.12,'638994911803417023'),
 ('2c7416ab-eac2-4b01-bd77-63edad97c5c9',41.6616231059775,0.554202146966958,NULL,6.0,150.45,'638994911833534190'),
 ('0cf4c449-15cd-4482-a8f4-261675cb8d99',41.6748832166952,0.566225051879883,NULL,NULL,NULL,'638994913513788930'),
 ('b0644b1b-00a3-4f52-9b91-f194b927ac00',41.6518317277934,0.563778877258301,NULL,NULL,NULL,'638994913766601692'),
 ('e9d150b4-2451-4043-ad6c-e91712f14f10',41.6458831686181,0.571074485778809,NULL,NULL,NULL,'638994913887185867'),
 ('e04631e2-8d80-4aaf-ba55-1438a30a7847',41.6499878935288,0.567566156387329,NULL,NULL,NULL,'638994914204218156'),
 ('fee62999-2604-4b12-ab9d-1390054f50fe',41.6489978129181,0.566144585609436,NULL,NULL,NULL,'638994914279982764'),
 ('a90ff9ab-4b3a-4467-82f1-4cdff7cb1438',41.6709403621298,0.552406311035156,NULL,NULL,NULL,'638994914880295433'),
 ('cb52b80c-3f04-4566-b55a-d229930f3f8a',41.6660435134494,0.557459592819214,NULL,NULL,NULL,'638994915031183746'),
 ('b7bb7916-9adb-44fd-bb90-4d192e719077',41.669457722221,0.553286075592041,NULL,NULL,NULL,'638994915235964112'),
 ('6935aa6a-2baf-449f-82ae-2ac5e7579fdb',41.6695619088436,0.554037094116211,NULL,NULL,NULL,'638994915340427187'),
 ('87326978-e3c9-4341-b9b7-f0690bfea260',41.6612938486638,0.557060676836407,0.0,0.0,0.0,'638994949952554491'),
 ('181cd168-efc1-4494-b0b1-303b1c18cc0f',41.6612818255952,0.557135752298614,0.0,0.0,0.0,'638994949966069370'),
 ('063b0b94-b7d5-428c-8a4e-4e8e2bbeae95',41.6612698025243,0.557226915359914,0.0,0.0,0.0,'638994949975805665'),
 ('76cc3461-b20d-4ae3-9286-7ff0bdf29515',41.6612497640679,0.557339528553285,0.0,0.0,0.0,'638994949985485569'),
 ('bcf075c4-7c51-479e-ab5a-70dbe2ecee43',41.6612377409911,0.55746286681269,0.0,0.0,0.0,'638994949994852191'),
 ('eb89edf5-7830-47f4-ad25-4b727418d7db',41.6612197063716,0.55755402987399,0.0,0.0,0.0,'638994950004001058'),
 ('e18ecf14-ecd7-4d7a-80e3-466f8c365211',41.6612116909836,0.55759961140462,0.0,0.0,0.0,'638994950016235371'),
 ('c736d6bd-4c2a-4ba6-9120-11c7ca0b5e9a',41.6614220945893,0.557658599267814,0.0,0.0,0.0,'638994950028022127'),
 ('78b358cd-c0bc-4d12-ba6f-952f2ab869dd',41.6618449035657,0.557323440954232,0.0,0.0,0.0,'638994950067770152'),
 ('e60851f7-743d-4e1b-afa1-4a27c36bc268',41.6618549227021,0.557234959159461,0.0,0.0,0.0,'638994950079935318'),
 ('d8929920-a76d-4ccb-bfed-39490aaafb94',41.662218178078,0.555962425373156,0.0,0.0,0.0,'638994950519735262'),
 ('11c25812-fda2-411f-8310-278852581569',41.6622021475495,0.556072357299997,0.0,0.0,0.0,'638994950537133881'),
 ('c051d274-3b9e-4a78-8676-85029f1b8d00',41.6621781017492,0.556187651759856,0.0,0.0,0.0,'638994950548968110'),
 ('2b4480e5-2a1a-4b35-b94e-d5269cb1df8b',41.6621400292137,0.556335121417861,0.0,0.0,0.0,'638994950558879067'),
 ('637b43b9-ee04-4785-9018-e8994a127c39',41.6621099719329,0.556450415877721,0.0,0.0,0.0,'638994950571827747'),
 ('7e017cd1-b6ad-49b1-8d4c-bdcbf40f2af1',41.6622482353082,0.55642896574565,0.0,0.0,0.0,'638994950586542784'),
 ('8066bc86-ab46-4bf3-9430-03a19eb09c9b',41.662422566967,0.55638338421502,0.0,0.0,0.0,'638994950600045491'),
 ('91c843ff-583e-4bb6-a44c-cd97cebd8577',41.662330391666,0.556203739358909,0.0,0.0,0.0,'638994950613544027'),
 ('5db51e81-fddd-432f-a98a-3bb2e421c954',41.6622722810823,0.556080401099544,0.0,0.0,0.0,'638994950627348107'),
 ('bfa554ad-cbc0-4082-a7a8-250480a5bf50',41.6675094589414,0.553166701186441,0.0,0.0,0.0,'638994951156840266'),
 ('6a111980-079e-44ae-98a7-a8c7e6177601',41.6675936122347,0.552785961342228,0.0,0.0,0.0,'638994951195951667'),
 ('cf7343f2-1ab2-4b37-9f7f-109c06e93d02',41.6676577289558,0.552421309097029,0.0,0.0,0.0,'638994951209737595'),
 ('a409cdf4-b352-4738-8f0a-47e72605b980',41.6677579112048,0.552432034163064,0.0,0.0,0.0,'638994951224444880'),
 ('527237ce-db2b-460d-bacf-9320734da117',41.6678621005782,0.552421309097029,0.0,0.0,0.0,'638994951235926302'),
 ('aeb90360-bf3f-49a4-82e3-4ed30702eb1c',41.6679422461354,0.552432034163064,0.0,0.0,0.0,'638994951250445381'),
 ('ff9338b6-8db1-45a3-9da6-a415d0521720',41.6680103697806,0.552415946564011,0.0,0.0,0.0,'638994951264485957'),
 ('86424a33-445b-4b52-8bb2-7d393eb5124e',41.6680784933536,0.552410584030993,0.0,0.0,0.0,'638994951274089764'),
 ('eca781b1-856f-4cfb-8a94-0e18422a12e4',41.6681546313794,0.55239449643194,0.0,0.0,0.0,'638994951289446271'),
 ('005aad63-a5d1-49c4-8a9d-0b77b6898c2c',41.6682271339736,0.552384316134496,0.0,0.0,0.0,'638994951309027877'),
 ('4f4c182e-d105-4b44-9545-4ace97d0b5da',41.6682652029098,0.552376272334989,0.0,0.0,0.0,'638994951318108965'),
 ('5ce77fb8-4aca-4b7d-87c5-4aa8bff647b5',41.6683353298387,0.552341415870354,0.0,0.0,0.0,'638994951342389805'),
 ('42003f03-cf44-49c1-82da-966906a13690',41.6683794095835,0.552309240672249,0.0,0.0,0.0,'638994951351318117'),
 ('ea1e10d3-de50-46a2-af16-add2ef3e5527',41.668445529144,0.552274384207654,0.0,0.0,0.0,'638994951361679722'),
 ('03d8d9e0-0123-4add-acec-2c61575d2baa',41.6684815943303,0.552234165210002,0.0,0.0,0.0,'638994951371908296'),
 ('8ef09a3f-24f6-4e77-b2e4-6de55ba80a8f',41.6685296812138,0.552161771014284,0.0,0.0,0.0,'638994951381489428'),
 ('b2eac6cd-4e7c-47ab-b7ca-88056a56c6d6',41.6685857825326,0.552089376818525,0.0,0.0,0.0,'638994951392134961'),
 ('35df84bb-b6f4-46a6-a0fa-9b6c9fdd1fc9',41.6686458910341,0.55198748869123,0.0,0.0,0.0,'638994951401215149'),
 ('dd323ac3-8a21-4c63-adcd-c38b18c6ca50',41.6687360536812,0.55187487549786,0.0,0.0,0.0,'638994951410446940'),
 ('5424580b-b3e1-4236-bf8e-11331ca7e203',41.6687644761696,0.551818520833365,0.0,0.0,0.0,'638994951432791323'),
 ('4a8474e7-21ab-43c8-81bf-7f5481a3a0e7',41.6687865158989,0.551778301835713,0.0,0.0,0.0,'638994951461083667'),
 ('ad9d4dda-95e0-4583-be9f-8036da68f576',41.6688346025547,0.551697863840448,0.0,0.0,0.0,'638994951473336963'),
 ('a433b661-9524-434f-a523-ac88fcce2ee0',41.6689007216478,0.551617425845183,0.0,0.0,0.0,'638994951481972742'),
 ('9eb45f75-5fc8-4352-98db-034faa2eb7b3',41.6689568226432,0.551563800515007,0.0,0.0,0.0,'638994951491669109'),
 ('2968a8ce-6951-4a6c-b585-13a8e0d3000f',41.6689988983577,0.551510175184871,0.0,0.0,0.0,'638994951503285393'),
 ('b53bb06a-9f71-4db8-a68f-840ad487d722',41.6690309560264,0.551494087585818,0.0,0.0,0.0,'638994951514680134'),
 ('59c32267-d08b-47da-8687-c09083f09880',41.6690830497041,0.551472637453747,0.0,0.0,0.0,'638994951526294593'),
 ('af65fe12-5f8c-42d0-8b6f-ec8203489a86',41.6690990785196,0.55146727492073,0.0,0.0,0.0,'638994951534781431'),
 ('fd038a5b-581b-4050-a952-72528c91e33d',41.6690850533063,0.551590613180095,0.0,0.0,0.0,'638994951546262433'),
 ('2ea7ebf0-5210-4131-ac63-69c33a6c934a',41.6690590064735,0.551821202099854,0.0,0.0,0.0,'638994951558266268'),
 ('86648cdf-59af-43e7-a62b-52a8348bb9a3',41.6690269488187,0.5520786036847,0.0,0.0,0.0,'638994951570255509'),
 ('1705678e-e589-41bc-9132-ca308f5ce00d',41.6690029055671,0.552301148804912,0.0,0.0,0.0,'638994951583539185'),
 ('36b78813-2d95-4f0b-99e1-ded1b50c20c5',41.668994891148,0.552459343528913,0.0,0.0,0.0,'638994951594097971'),
 ('c82fc5be-a81e-4df8-9bd1-7762d76644f9',41.6689788623066,0.552604131920389,0.0,0.0,0.0,'638994951612244284'),
 ('ffb097f1-320d-4063-a6f5-40b9ee8237b2',41.6686582846412,0.552515650125618,0.0,0.0,0.0,'638994951629592889'),
 ('930113d0-3d86-4596-9c0e-e3881b8c09cc',41.6685200350303,0.553202054351836,0.0,0.0,0.0,'638994951654484584'),
 ('e0822e04-4201-4124-9419-ec9a924b9e94',41.6687484472709,0.553290536146607,0.0,0.0,0.0,'638994951668881784'),
 ('6dd3efa6-812f-42be-a764-70dd6b4423d8',41.6688105592313,0.553400468073488,0.0,0.0,0.0,'638994951681123286'),
 ('caf9fc5e-f7ec-4fc4-a0e9-a1c7aca04e7a',41.6688245845044,0.553534531398889,0.0,0.0,0.0,'638994951692053373'),
 ('6ef836de-1803-408f-807d-653dc0041901',41.6687644761696,0.553649825858789,0.0,0.0,0.0,'638994951705479584'),
 ('64ed1ad5-91e5-4f67-a3ba-bbbfbef14dbe',41.6684659372757,0.553537212665418,0.0,0.0,0.0,'638994951729555396'),
 ('a210930c-1a2f-4d23-8fd3-30a3e20e4ad2',41.6680311499672,0.553365611608854,0.0,0.0,0.0,'638994951755296415'),
 ('60e7794b-658f-44ce-9e39-f4aaaedfd162',41.6677566513986,0.553269086014536,0.0,0.0,0.0,'638994951784622308'),
 ('75b8b02f-ea34-41cd-8d7b-4ae69a049294',41.6676204034993,0.553218141950889,0.0,0.0,0.0,'638994951803649174'),
 ('65382203-72ff-4b9e-a974-64723b14ecdb',41.6597315592465,0.55580950270155,0.0,0.0,0.0,'638995755934184772'),
 ('72acafc5-12e9-47ab-bf17-2228157ba8fa',41.659715528099,0.555884578163797,0.0,0.0,0.0,'638995755952806384'),
 ('9591b691-1b96-4a85-8a5d-c2092ee695d9',41.6596894774757,0.556045454154326,0.0,0.0,0.0,'638995755962459715'),
 ('3f76d2fa-4ff0-4a2a-a6f9-1b5cb725913e',41.6596493995731,0.556246549142467,0.0,0.0,0.0,'638995755976125192'),
 ('4bff8def-0c9e-420e-8ab0-53be1d6bbb1d',41.6596373761975,0.556329668404221,0.0,0.0,0.0,'638995755992630818'),
 ('5f98d255-d174-4778-aa01-fcfe27a146f1',41.6599279404802,0.556407425132996,0.0,0.0,0.0,'638995756007859890'),
 ('48fa6002-1fee-4de1-9472-0190d7e33bce',41.6599660143236,0.556380612467908,0.0,0.0,0.0,'638995756018715187'),
 ('72cf018c-0d47-4d97-ac38-fd65cb606dc7',41.6600441658263,0.555948928560008,0.0,0.0,0.0,'638995756038309875'),
 ('31e3b21c-7d71-4d2f-8fd0-94a5ee0872a6',41.659899886055,0.555871171831273,0.0,0.0,0.0,'638995756052918990'),
 ('4432c2fb-1270-4906-8ffb-05131e69423f',41.6597375709258,0.555804140168532,0.0,0.0,0.0,'638995756074761668'),
 ('f3e590c7-d7e8-43a5-a3b8-8fd967025869',41.6582907439213,0.556313834339362,0.0,0.0,0.0,'638995763452943154'),
 ('5cd361a2-908b-47b0-8c80-b60cd731a0d5',41.6585071688647,0.555919688162585,0.0,0.0,0.0,'638995763468799693'),
 ('ac54e5ab-cd2f-444e-a938-e24c28fc7364',41.6587235930809,0.556131508216762,0.0,0.0,0.0,'638995763484243647'),
 ('06aba865-b38f-4c08-b4ce-46f7a8b6a2db',41.658695538131,0.556458622730838,0.0,0.0,0.0,'638995763508778553'),
 ('f5b32265-599f-441b-8323-9ad1553b201b',41.6583789171342,0.556490797928944,0.0,0.0,0.0,'638995763523121521'),
 ('9b17b7b2-41de-4ac6-aba3-2f97412dd7dd',41.6582967557351,0.556461314364913,0.0,0.0,0.0,'638995763576271134'),
 ('b23bd69d-09d6-4a91-bad8-0b0984b5e227',41.658274712415,0.556413051567755,0.0,0.0,0.0,'638995763588212304'),
 ('231931bc-3a3d-45f8-bdf5-e6fc9aec9589',41.6582887399832,0.556319207239926,0.0,0.0,0.0,'638995763597948584'),
 ('ab4007f6-0db7-48ea-8c5b-290073ef1d20',41.6540763243613,0.554701343215736,0.0,0.0,0.0,'638995771364420553'),
 ('2c426cab-c311-4c9b-8b99-00c734075151',41.65358732963,0.555618336361712,0.0,0.0,0.0,'638995771371547846'),
 ('3739a27d-b140-4b67-afb6-7b93125fb9a5',41.6540081859738,0.556020526337995,0.0,0.0,0.0,'638995771379270581'),
 ('a7ce3af0-36ed-4ebb-bafa-a5c69085e24b',41.6545092018453,0.555119620791071,0.0,0.0,0.0,'638995771408242458'),
 ('34ab7f57-651a-481f-a4b0-099ccdeb1177',41.660998007293,0.554784948810703,0.0,0.0,0.0,'638995783261383241'),
 ('caa77bc1-0128-43b8-afc5-d96c5816f852',41.6607395096356,0.555050394195056,0.0,0.0,0.0,'638995783297228444'),
 ('066c00d4-6fd8-44bb-a09a-a477ec45596d',41.6605832082232,0.555307795779903,0.0,0.0,0.0,'638995783338907987'),
 ('fa2367f6-7df6-4b5a-b450-27e9988dd0fd',41.6607575443896,0.555366783643097,0.0,0.0,0.0,'638995783351594217'),
 ('a58a35b1-ae10-4d04-be52-f1d0014e20d0',41.6609960034392,0.555441859105304,0.0,0.0,0.0,'638995783364814961'),
 ('4e990654-affc-481d-89a3-bf21b6e85fd1',41.6611643269425,0.55549548443548,0.0,0.0,0.0,'638995783380171725'),
 ('b65795df-13e3-4d2d-af5a-6864f0d181e5',41.6613506845937,0.555573241164256,0.0,0.0,0.0,'638995783405062120'),
 ('61d5a176-daa8-4c54-b1fd-30dd0969a921',41.6611903769692,0.555211270185585,0.0,0.0,0.0,'638995783423290224'),
 ('9087f2b7-477c-4ed2-ab2a-afd99d94b7c6',41.6610861767993,0.554988725065373,0.0,0.0,0.0,'638995783445049675'),
 ('46ae18ea-949c-45b1-a094-234ebf57a056',41.6610400882088,0.554857343006421,0.0,0.0,0.0,'638995783454861381');
INSERT INTO "Track" ("Guid","Name","Observation","Created","Finalized","IsOpened","IsVisible","AreaUnits","LengthUnits","Area","Length","TypeGeometry","IsManual") VALUES ('f8d8d911-eb4f-40e2-b18e-26dc0aa4c471','GPS Mock 1','','2025-11-23T10:39:33.9630065Z','2025-11-23T10:39:44.9342928Z',0,1,'','',5267.6206997683,303.192008858311,3,1),
 ('654be218-1650-4c94-be55-3f2bfbe7102d','Track Manual 2','','2025-11-23T11:43:12.1291948Z','2025-11-23T11:43:30.5044906Z',0,1,'','',2144.70691060351,195.766838573563,3,1),
 ('d977c080-d0e4-4fe9-982f-6a761c001587','Track Manual 3','','2025-11-23T11:44:10.2026988Z','2025-11-23T11:44:24.4433861Z',0,1,'','',646.29077479645,119.298920729743,3,1),
 ('4b636288-6311-489b-bf65-e7eb31c32f03','Track Manual 4','','2025-11-23T11:45:14.2198476Z','2025-11-23T11:46:22.3388734Z',0,1,'','',13485.3459333796,651.344621856623,3,1),
 ('301235ff-37d7-43e0-943e-eb0181d641f7','Track Manual 5','','2025-11-24T10:06:31.7726464Z','2025-11-24T10:06:50.2814565Z',0,1,'','',1565.7814627683,156.103482962315,3,1),
 ('72b2f94a-2427-4602-bcf4-00e9fb4e42d5','Track Manual 6','','2025-11-24T10:19:03.3584544Z','2025-11-24T10:19:26.1786669Z',0,1,'','',1577.34100154223,155.718564327175,3,1),
 ('a481b3c8-0cb5-452c-9e3d-87b891e86149','Track Manual 7','','2025-11-24T10:32:15.7488328Z','2025-11-24T10:32:22.1284774Z',0,1,'','',5460.45818227143,303.774717726165,3,1),
 ('c2b105b2-69d0-4fba-91e6-c82ca220e113','Track Manual 8','','2025-11-24T10:52:04.3342768Z','2025-11-24T10:52:26.5603018Z',0,1,'','',2445.55661338245,228.41449454696,3,1);
INSERT INTO "TrackPoint" ("Guid","TrackGuid","PositionGuid") VALUES ('b34a3e1d-2260-45a8-bbb6-18570565d619','f8d8d911-eb4f-40e2-b18e-26dc0aa4c471','4f91b9f6-8f17-4fda-a651-3ca2419f6e3a'),
 ('118e5f8c-e1c8-4b73-a942-5ed23e19387a','f8d8d911-eb4f-40e2-b18e-26dc0aa4c471','41b4b074-3831-4808-8622-72f6c3ba1641'),
 ('f4295dbf-64ed-479a-96a0-13a929ad6a09','f8d8d911-eb4f-40e2-b18e-26dc0aa4c471','ce72c08d-93a2-49cd-96a6-22cdd3b73a0c'),
 ('d487858d-4d44-4469-9f7f-e4dab7cb51b6','f8d8d911-eb4f-40e2-b18e-26dc0aa4c471','2c7416ab-eac2-4b01-bd77-63edad97c5c9'),
 ('8ef23071-933d-4c8d-bf20-ac2f21e43412','654be218-1650-4c94-be55-3f2bfbe7102d','87326978-e3c9-4341-b9b7-f0690bfea260'),
 ('d16a3e4d-f65c-429a-8bb8-3dd2d8509fb5','654be218-1650-4c94-be55-3f2bfbe7102d','181cd168-efc1-4494-b0b1-303b1c18cc0f'),
 ('4d66398c-331e-4c07-b4a4-7834ff4cbe3d','654be218-1650-4c94-be55-3f2bfbe7102d','063b0b94-b7d5-428c-8a4e-4e8e2bbeae95'),
 ('d7486afb-b5a0-4895-be1f-85ef55fed1ee','654be218-1650-4c94-be55-3f2bfbe7102d','76cc3461-b20d-4ae3-9286-7ff0bdf29515'),
 ('723fbbb1-c46d-4959-a2d1-4606ea46c2de','654be218-1650-4c94-be55-3f2bfbe7102d','bcf075c4-7c51-479e-ab5a-70dbe2ecee43'),
 ('206c8273-08b8-4c28-be37-ec06803efbef','654be218-1650-4c94-be55-3f2bfbe7102d','eb89edf5-7830-47f4-ad25-4b727418d7db'),
 ('f1bff3ca-b8f6-4bc0-812b-775be092e7f4','654be218-1650-4c94-be55-3f2bfbe7102d','e18ecf14-ecd7-4d7a-80e3-466f8c365211'),
 ('039a0ae0-180a-466f-a010-2cb2c4f3f7e7','654be218-1650-4c94-be55-3f2bfbe7102d','c736d6bd-4c2a-4ba6-9120-11c7ca0b5e9a'),
 ('93db5cdc-5f4a-4a29-a1f0-8bed7fbbd3de','654be218-1650-4c94-be55-3f2bfbe7102d','78b358cd-c0bc-4d12-ba6f-952f2ab869dd'),
 ('b2d438de-4639-463e-94a2-99450445c472','654be218-1650-4c94-be55-3f2bfbe7102d','e60851f7-743d-4e1b-afa1-4a27c36bc268'),
 ('b07da360-b674-48fd-a076-c2b7f1b8e6c5','d977c080-d0e4-4fe9-982f-6a761c001587','d8929920-a76d-4ccb-bfed-39490aaafb94'),
 ('7fc2f786-29c1-4af2-ba59-31a09cbe8f79','d977c080-d0e4-4fe9-982f-6a761c001587','11c25812-fda2-411f-8310-278852581569'),
 ('27f5cc7a-85e0-49aa-b16c-2fc7c5cbc45f','d977c080-d0e4-4fe9-982f-6a761c001587','c051d274-3b9e-4a78-8676-85029f1b8d00'),
 ('d1461d44-ba04-4756-abc7-cccf57cf72dd','d977c080-d0e4-4fe9-982f-6a761c001587','2b4480e5-2a1a-4b35-b94e-d5269cb1df8b'),
 ('310b7bc2-fb7b-4812-b3ad-5904dfc3d26e','d977c080-d0e4-4fe9-982f-6a761c001587','637b43b9-ee04-4785-9018-e8994a127c39'),
 ('15946bbc-04b6-4ef9-a6bb-69efd96ba55e','d977c080-d0e4-4fe9-982f-6a761c001587','7e017cd1-b6ad-49b1-8d4c-bdcbf40f2af1'),
 ('b8893d18-1cc0-48f0-bcef-e18c98a94d96','d977c080-d0e4-4fe9-982f-6a761c001587','8066bc86-ab46-4bf3-9430-03a19eb09c9b'),
 ('4429448e-755c-4a51-a597-2f1fc984aba2','d977c080-d0e4-4fe9-982f-6a761c001587','91c843ff-583e-4bb6-a44c-cd97cebd8577'),
 ('2a321db5-91f7-4f56-a701-ea78244cd33c','d977c080-d0e4-4fe9-982f-6a761c001587','5db51e81-fddd-432f-a98a-3bb2e421c954'),
 ('04f2b56e-5e92-486f-8476-0ccc52f8f065','4b636288-6311-489b-bf65-e7eb31c32f03','bfa554ad-cbc0-4082-a7a8-250480a5bf50'),
 ('8f57ec06-84df-4c57-9a27-6f67d2e3c97c','4b636288-6311-489b-bf65-e7eb31c32f03','6a111980-079e-44ae-98a7-a8c7e6177601'),
 ('29e68ace-73d3-4b27-ac23-c57ba1f9f157','4b636288-6311-489b-bf65-e7eb31c32f03','cf7343f2-1ab2-4b37-9f7f-109c06e93d02'),
 ('6835a0e9-ff2f-4fd5-87b3-49267c7f1848','4b636288-6311-489b-bf65-e7eb31c32f03','a409cdf4-b352-4738-8f0a-47e72605b980'),
 ('6517a96a-1e08-4461-ae1c-06170db576c2','4b636288-6311-489b-bf65-e7eb31c32f03','527237ce-db2b-460d-bacf-9320734da117'),
 ('5ff7bc15-9ed3-4431-b1d9-528d3c68a3d3','4b636288-6311-489b-bf65-e7eb31c32f03','aeb90360-bf3f-49a4-82e3-4ed30702eb1c'),
 ('27852e01-780e-4346-8dab-cb706d46f769','4b636288-6311-489b-bf65-e7eb31c32f03','ff9338b6-8db1-45a3-9da6-a415d0521720'),
 ('99d751b7-6bc9-4e70-a025-8220068f4e4a','4b636288-6311-489b-bf65-e7eb31c32f03','86424a33-445b-4b52-8bb2-7d393eb5124e'),
 ('be40276a-75c3-450d-97a6-6e0f8bd5b5c4','4b636288-6311-489b-bf65-e7eb31c32f03','eca781b1-856f-4cfb-8a94-0e18422a12e4'),
 ('732abd46-ba8d-47b3-a9bd-785d17c58ed5','4b636288-6311-489b-bf65-e7eb31c32f03','005aad63-a5d1-49c4-8a9d-0b77b6898c2c'),
 ('d6dbfa05-6bb5-4acb-95f1-01cf3febba1e','4b636288-6311-489b-bf65-e7eb31c32f03','4f4c182e-d105-4b44-9545-4ace97d0b5da'),
 ('0a2eecb6-b949-4799-9de7-3aa5c1c1a74a','4b636288-6311-489b-bf65-e7eb31c32f03','5ce77fb8-4aca-4b7d-87c5-4aa8bff647b5'),
 ('24728a5b-0e5e-4617-a545-e1d8e24baf8e','4b636288-6311-489b-bf65-e7eb31c32f03','42003f03-cf44-49c1-82da-966906a13690'),
 ('7d217c0a-0bc1-463d-a2e3-cd53372900af','4b636288-6311-489b-bf65-e7eb31c32f03','ea1e10d3-de50-46a2-af16-add2ef3e5527'),
 ('b9da4e8f-f015-4b89-8e7e-f75ed837c7de','4b636288-6311-489b-bf65-e7eb31c32f03','03d8d9e0-0123-4add-acec-2c61575d2baa'),
 ('faaba2ae-d386-4739-b23b-fffd999cac83','4b636288-6311-489b-bf65-e7eb31c32f03','8ef09a3f-24f6-4e77-b2e4-6de55ba80a8f'),
 ('25af3148-0982-42e1-948d-1104b516fdd3','4b636288-6311-489b-bf65-e7eb31c32f03','b2eac6cd-4e7c-47ab-b7ca-88056a56c6d6'),
 ('61b9d0c5-80fb-4492-acce-1e6b032ce996','4b636288-6311-489b-bf65-e7eb31c32f03','35df84bb-b6f4-46a6-a0fa-9b6c9fdd1fc9'),
 ('2a753b0e-2df1-42a1-ba0b-7222b26b20d1','4b636288-6311-489b-bf65-e7eb31c32f03','dd323ac3-8a21-4c63-adcd-c38b18c6ca50'),
 ('56e313c7-0111-4c75-9680-5105012b97a5','4b636288-6311-489b-bf65-e7eb31c32f03','5424580b-b3e1-4236-bf8e-11331ca7e203'),
 ('179fd60e-eded-4542-b1eb-5e30fc51f04e','4b636288-6311-489b-bf65-e7eb31c32f03','4a8474e7-21ab-43c8-81bf-7f5481a3a0e7'),
 ('1641fa04-af44-4e94-b3df-147d744b6e16','4b636288-6311-489b-bf65-e7eb31c32f03','ad9d4dda-95e0-4583-be9f-8036da68f576'),
 ('d0ae9a3e-3e64-43d1-bdd0-0e6c816e3eea','4b636288-6311-489b-bf65-e7eb31c32f03','a433b661-9524-434f-a523-ac88fcce2ee0'),
 ('36e7b640-e835-4f7e-af9b-8c945b5a2697','4b636288-6311-489b-bf65-e7eb31c32f03','9eb45f75-5fc8-4352-98db-034faa2eb7b3'),
 ('22ea6bfd-dde9-4b50-834b-fc42d380d1bb','4b636288-6311-489b-bf65-e7eb31c32f03','2968a8ce-6951-4a6c-b585-13a8e0d3000f'),
 ('461de3d9-d321-4f7b-b4da-86bf028616f9','4b636288-6311-489b-bf65-e7eb31c32f03','b53bb06a-9f71-4db8-a68f-840ad487d722'),
 ('14f2ba68-b11c-47b3-a20e-b728d886aa3e','4b636288-6311-489b-bf65-e7eb31c32f03','59c32267-d08b-47da-8687-c09083f09880'),
 ('7bbeb2c8-b16a-4dcc-8383-39057685c4e0','4b636288-6311-489b-bf65-e7eb31c32f03','af65fe12-5f8c-42d0-8b6f-ec8203489a86'),
 ('9af9d80b-4178-4a8b-8864-5fe581d9e01c','4b636288-6311-489b-bf65-e7eb31c32f03','fd038a5b-581b-4050-a952-72528c91e33d'),
 ('f7cb2b67-306c-4dd8-b7c0-29d68497920b','4b636288-6311-489b-bf65-e7eb31c32f03','2ea7ebf0-5210-4131-ac63-69c33a6c934a'),
 ('977bfa28-e82d-44fc-82a4-39374fcf8be8','4b636288-6311-489b-bf65-e7eb31c32f03','86648cdf-59af-43e7-a62b-52a8348bb9a3'),
 ('56af25fa-6743-472b-9766-8cc6117fbc19','4b636288-6311-489b-bf65-e7eb31c32f03','1705678e-e589-41bc-9132-ca308f5ce00d'),
 ('b16d3500-f867-4997-8ad5-266b857d7fdb','4b636288-6311-489b-bf65-e7eb31c32f03','36b78813-2d95-4f0b-99e1-ded1b50c20c5'),
 ('80336d4d-1e41-4251-9237-2379cb9794db','4b636288-6311-489b-bf65-e7eb31c32f03','c82fc5be-a81e-4df8-9bd1-7762d76644f9'),
 ('56172bfd-3abc-4c55-ae23-63466d937ba4','4b636288-6311-489b-bf65-e7eb31c32f03','ffb097f1-320d-4063-a6f5-40b9ee8237b2'),
 ('7405edcb-a50a-481d-a70a-43111ed657b0','4b636288-6311-489b-bf65-e7eb31c32f03','930113d0-3d86-4596-9c0e-e3881b8c09cc'),
 ('b3c237d1-4f2d-4470-813f-858546a74a2c','4b636288-6311-489b-bf65-e7eb31c32f03','e0822e04-4201-4124-9419-ec9a924b9e94'),
 ('77129d80-6c49-4ab8-9150-513fc734b972','4b636288-6311-489b-bf65-e7eb31c32f03','6dd3efa6-812f-42be-a764-70dd6b4423d8'),
 ('c6107e54-3682-404a-a147-2697d65a2bcf','4b636288-6311-489b-bf65-e7eb31c32f03','caf9fc5e-f7ec-4fc4-a0e9-a1c7aca04e7a'),
 ('3cc80ba3-37c4-4ddd-8505-de6ce928f987','4b636288-6311-489b-bf65-e7eb31c32f03','6ef836de-1803-408f-807d-653dc0041901'),
 ('9bf2fbb6-7399-4d4f-9969-48bcd741c765','4b636288-6311-489b-bf65-e7eb31c32f03','64ed1ad5-91e5-4f67-a3ba-bbbfbef14dbe'),
 ('50d11a0c-09ba-4ec0-821e-eb1e55996459','4b636288-6311-489b-bf65-e7eb31c32f03','a210930c-1a2f-4d23-8fd3-30a3e20e4ad2'),
 ('dcf228d8-2a62-485a-88b1-ade7b570e766','4b636288-6311-489b-bf65-e7eb31c32f03','60e7794b-658f-44ce-9e39-f4aaaedfd162'),
 ('bcfce9d6-30cd-4c83-9b1a-e398cb637745','4b636288-6311-489b-bf65-e7eb31c32f03','75b8b02f-ea34-41cd-8d7b-4ae69a049294'),
 ('a7ce876a-1e52-443f-b8c4-8327636d4931','301235ff-37d7-43e0-943e-eb0181d641f7','65382203-72ff-4b9e-a974-64723b14ecdb'),
 ('c1bc8d01-a8a3-41f3-a8b9-9532e5e8c89f','301235ff-37d7-43e0-943e-eb0181d641f7','72acafc5-12e9-47ab-bf17-2228157ba8fa'),
 ('ff15cc64-b7af-4db1-b8b9-ec0e65f109e3','301235ff-37d7-43e0-943e-eb0181d641f7','9591b691-1b96-4a85-8a5d-c2092ee695d9'),
 ('3b7eb335-6282-4f67-984d-8ca572b5b0fe','301235ff-37d7-43e0-943e-eb0181d641f7','3f76d2fa-4ff0-4a2a-a6f9-1b5cb725913e'),
 ('7526c3cf-8b37-48f9-83b6-7b4bb37064c7','301235ff-37d7-43e0-943e-eb0181d641f7','4bff8def-0c9e-420e-8ab0-53be1d6bbb1d'),
 ('d6451e3a-4180-4182-8526-1e26a42dbca6','301235ff-37d7-43e0-943e-eb0181d641f7','5f98d255-d174-4778-aa01-fcfe27a146f1'),
 ('2abac1ab-6b0f-476d-a3a7-8dc0a67cdcef','301235ff-37d7-43e0-943e-eb0181d641f7','48fa6002-1fee-4de1-9472-0190d7e33bce'),
 ('eb82e807-2a04-4723-a5bb-97bb30a70ed1','301235ff-37d7-43e0-943e-eb0181d641f7','72cf018c-0d47-4d97-ac38-fd65cb606dc7'),
 ('c083d959-ee14-4c87-bd67-b5bf3932c3b8','301235ff-37d7-43e0-943e-eb0181d641f7','31e3b21c-7d71-4d2f-8fd0-94a5ee0872a6'),
 ('0ca5bea8-e7f7-4b64-9884-3ba2531b55f3','301235ff-37d7-43e0-943e-eb0181d641f7','4432c2fb-1270-4906-8ffb-05131e69423f'),
 ('0d762a19-9e8d-4e6a-a8bb-486afb8aaf81','72b2f94a-2427-4602-bcf4-00e9fb4e42d5','f3e590c7-d7e8-43a5-a3b8-8fd967025869'),
 ('babfa6cc-4c42-47b0-a85f-6539b6c80192','72b2f94a-2427-4602-bcf4-00e9fb4e42d5','5cd361a2-908b-47b0-8c80-b60cd731a0d5'),
 ('1b5959b7-bdd8-4cf9-8f65-fb5b470e907e','72b2f94a-2427-4602-bcf4-00e9fb4e42d5','ac54e5ab-cd2f-444e-a938-e24c28fc7364'),
 ('b1a60c99-2eeb-4f9b-9fc7-d3e4a405e6dc','72b2f94a-2427-4602-bcf4-00e9fb4e42d5','06aba865-b38f-4c08-b4ce-46f7a8b6a2db'),
 ('8741a72d-8d96-447b-ab41-84f2f1a3fd0a','72b2f94a-2427-4602-bcf4-00e9fb4e42d5','f5b32265-599f-441b-8323-9ad1553b201b'),
 ('699b8e11-290f-465b-afb4-9c111509f12c','72b2f94a-2427-4602-bcf4-00e9fb4e42d5','9b17b7b2-41de-4ac6-aba3-2f97412dd7dd'),
 ('a2d6a73a-cd9f-4f08-a52f-997e1d2c6533','72b2f94a-2427-4602-bcf4-00e9fb4e42d5','b23bd69d-09d6-4a91-bad8-0b0984b5e227'),
 ('6a63d9be-1844-4764-8cde-249249fb3e5d','72b2f94a-2427-4602-bcf4-00e9fb4e42d5','231931bc-3a3d-45f8-bdf5-e6fc9aec9589'),
 ('ddcf3a3b-54b8-4ac9-932b-f1862bd5714b','a481b3c8-0cb5-452c-9e3d-87b891e86149','ab4007f6-0db7-48ea-8c5b-290073ef1d20'),
 ('a96adef6-68c0-4c04-b8f0-f640466bbabf','a481b3c8-0cb5-452c-9e3d-87b891e86149','2c426cab-c311-4c9b-8b99-00c734075151'),
 ('41a4d2c5-65c5-46c7-aa8d-d680f1e66011','a481b3c8-0cb5-452c-9e3d-87b891e86149','3739a27d-b140-4b67-afb6-7b93125fb9a5'),
 ('b65f4e67-92f0-4690-8ca0-00eee9aabb8b','a481b3c8-0cb5-452c-9e3d-87b891e86149','a7ce3af0-36ed-4ebb-bafa-a5c69085e24b'),
 ('d671e79f-b1ea-4ab9-b5a7-78f739063fe7','c2b105b2-69d0-4fba-91e6-c82ca220e113','34ab7f57-651a-481f-a4b0-099ccdeb1177'),
 ('9242eca5-2e10-437c-ae6c-75b9c26d5406','c2b105b2-69d0-4fba-91e6-c82ca220e113','caa77bc1-0128-43b8-afc5-d96c5816f852'),
 ('e77b2987-ffc1-475a-b81e-235ce17562a8','c2b105b2-69d0-4fba-91e6-c82ca220e113','066c00d4-6fd8-44bb-a09a-a477ec45596d'),
 ('62cb7637-1f91-4a84-9d98-7e8614091582','c2b105b2-69d0-4fba-91e6-c82ca220e113','fa2367f6-7df6-4b5a-b450-27e9988dd0fd'),
 ('0e4acecd-0fea-4efa-8ccc-1f4d0e826d6d','c2b105b2-69d0-4fba-91e6-c82ca220e113','a58a35b1-ae10-4d04-be52-f1d0014e20d0'),
 ('85e2820f-8e80-4be6-bb3c-b12d6863157c','c2b105b2-69d0-4fba-91e6-c82ca220e113','4e990654-affc-481d-89a3-bf21b6e85fd1'),
 ('8f71be0e-1401-41d3-b997-d6af3f7f0c9e','c2b105b2-69d0-4fba-91e6-c82ca220e113','b65795df-13e3-4d2d-af5a-6864f0d181e5'),
 ('797bbc81-a968-44e3-84ef-5e5e062baccf','c2b105b2-69d0-4fba-91e6-c82ca220e113','61d5a176-daa8-4c54-b1fd-30dd0969a921'),
 ('8f1b65f4-d6d6-4c4d-b6ac-1a01bb49602f','c2b105b2-69d0-4fba-91e6-c82ca220e113','9087f2b7-477c-4ed2-ab2a-afd99d94b7c6'),
 ('ad58f4f9-9f84-4650-a7ce-7f1441510bcd','c2b105b2-69d0-4fba-91e6-c82ca220e113','46ae18ea-949c-45b1-a094-234ebf57a056');
INSERT INTO "Waypoint" ("Guid","Name","Observation","Created","IsVisible","PositionGuid") VALUES ('728e4440-6533-4af2-a5c1-999c938aea12','Parque Bonaventura Verdú','','2025-11-14T15:34:09.9160570Z',1,'4c38755b-9d10-41c8-9e03-f3732cf4bda7'),
 ('34418a8e-ab09-45d2-b754-29f8b562cf86','Parque de la entrada','','2025-11-17T11:39:49.9554995Z',1,'8e63ec2d-cae2-49d3-9e83-4f0b29c0d7a5'),
 ('bcf301c9-e2c1-4cf5-8e95-c894cdf55c2c','Parque del Grao','','2025-11-17T11:40:19.1225047Z',1,'a73034bc-52f7-41af-91a8-7202c8892569'),
 ('1a526288-7bdb-4b7c-8af8-5219a0d92e3b','Tossal de la Corona','','2025-11-23T10:42:31.3788930Z',1,'0cf4c449-15cd-4482-a8f4-261675cb8d99'),
 ('a3fa9d0f-ccf3-4341-86a2-0376b1b04fdb','Parque de los Cines','','2025-11-23T10:42:56.6601692Z',1,'b0644b1b-00a3-4f52-9b91-f194b927ac00'),
 ('0c583591-1046-45f0-bbac-a8dabad76d92','Parque de las Bases','','2025-11-23T10:43:08.7185867Z',1,'e9d150b4-2451-4043-ad6c-e91712f14f10'),
 ('2a92a2e9-ae94-4c82-9d58-d36846a413f8','Cines','','2025-11-23T10:43:40.4218156Z',1,'e04631e2-8d80-4aaf-ba55-1438a30a7847'),
 ('57a915c2-0a8a-487e-b2ea-50c594cc14a8','Karting','','2025-11-23T10:43:47.9982764Z',1,'fee62999-2604-4b12-ab9d-1390054f50fe'),
 ('927c71bd-57f5-4133-a25e-e3fc43d4d626','Piscina Municipal','','2025-11-23T10:44:48.0295433Z',1,'a90ff9ab-4b3a-4467-82f1-4cdff7cb1438'),
 ('c7386583-e240-44c9-8ef5-d87db155ec6d','Biblioteca','','2025-11-23T10:45:03.1183746Z',1,'cb52b80c-3f04-4566-b55a-d229930f3f8a'),
 ('fe6ab698-c348-4095-9927-7efc33be1818','Colegio','','2025-11-23T10:45:23.5964112Z',1,'b7bb7916-9adb-44fd-bb90-4d192e719077'),
 ('b11958e2-5f9d-4354-8626-3e8a2dab3521','Guardería','','2025-11-23T10:45:34.0427187Z',1,'6935aa6a-2baf-449f-82ae-2ac5e7579fdb');
